[{"schemeId":21,"schemeName":"Default","adapterType":"jiraproject","group":null,"active":true,"adapterMetadataList":[],"requestHeaders":[],"restTemplates":{"QUERY_MODIFIED_RECORDS":{"templateId":77,"operation":"QUERY_MODIFIED_RECORDS","httpVerb":"GET","restUrl":"/rest/api/2/project/${recordId}","specifications":{"Response":{"specId":154,"type":"Response","adapterType":null,"specType":"None","status":"Active","specification":"[]","samplePayload":"{\n    \"expand\": \"description,lead,url,projectKeys\",\n    \"self\": \"https://jira8.connectall.com/rest/api/2/project/11201\",\n    \"id\": \"11201\",\n    \"key\": \"SOF\",\n    \"description\": \"Example Project description\",\n    \"lead\": {\n        \"self\": \"https://jira8.connectall.com/rest/api/2/user?username=admin\",\n        \"key\": \"admin\",\n        \"name\": \"admin\",\n        \"avatarUrls\": {\n            \"48x48\": \"https://jira8.connectall.com/secure/useravatar?avatarId=10341\",\n            \"24x24\": \"https://jira8.connectall.com/secure/useravatar?size=small&avatarId=10341\",\n            \"16x16\": \"https://jira8.connectall.com/secure/useravatar?size=xsmall&avatarId=10341\",\n            \"32x32\": \"https://jira8.connectall.com/secure/useravatar?size=medium&avatarId=10341\"\n        },\n        \"displayName\": \"Admin\",\n        \"active\": true\n    },\n    \"components\": [],\n    \"issueTypes\": [\n        {\n            \"self\": \"https://jira8.connectall.com/rest/api/2/issuetype/10002\",\n            \"id\": \"10002\",\n            \"description\": \"A task that needs to be done.\",\n            \"iconUrl\": \"https://jira8.connectall.com/secure/viewavatar?size=xsmall&avatarId=10318&avatarType=issuetype\",\n            \"name\": \"Task\",\n            \"subtask\": false,\n            \"avatarId\": 10318\n        },\n        {\n            \"self\": \"https://jira8.connectall.com/rest/api/2/issuetype/10003\",\n            \"id\": \"10003\",\n            \"description\": \"The sub-task of the issue\",\n            \"iconUrl\": \"https://jira8.connectall.com/secure/viewavatar?size=xsmall&avatarId=10316&avatarType=issuetype\",\n            \"name\": \"Sub-task\",\n            \"subtask\": true,\n            \"avatarId\": 10316\n        },\n        {\n            \"self\": \"https://jira8.connectall.com/rest/api/2/issuetype/10001\",\n            \"id\": \"10001\",\n            \"description\": \"Created by Jira Software - do not edit or delete. Issue type for a user story.\",\n            \"iconUrl\": \"https://jira8.connectall.com/images/icons/issuetypes/story.svg\",\n            \"name\": \"Story\",\n            \"subtask\": false\n        },\n        {\n            \"self\": \"https://jira8.connectall.com/rest/api/2/issuetype/10100\",\n            \"id\": \"10100\",\n            \"description\": \"A problem which impairs or prevents the functions of the product.\",\n            \"iconUrl\": \"https://jira8.connectall.com/secure/viewavatar?size=xsmall&avatarId=10303&avatarType=issuetype\",\n            \"name\": \"Bug\",\n            \"subtask\": false,\n            \"avatarId\": 10303\n        },\n        {\n            \"self\": \"https://jira8.connectall.com/rest/api/2/issuetype/10000\",\n            \"id\": \"10000\",\n            \"description\": \"Created by Jira Software - do not edit or delete. Issue type for a big user story that needs to be broken down.\",\n            \"iconUrl\": \"https://jira8.connectall.com/images/icons/issuetypes/epic.svg\",\n            \"name\": \"Epic\",\n            \"subtask\": false\n        }\n    ],\n    \"assigneeType\": \"PROJECT_LEAD\",\n    \"versions\": [],\n    \"name\": \"Software Sample\",\n    \"roles\": {\n        \"Administrators\": \"https://jira8.connectall.com/rest/api/2/project/11201/role/10002\"\n    },\n    \"avatarUrls\": {\n        \"48x48\": \"https://jira8.connectall.com/secure/projectavatar?avatarId=10324\",\n        \"24x24\": \"https://jira8.connectall.com/secure/projectavatar?size=small&avatarId=10324\",\n        \"16x16\": \"https://jira8.connectall.com/secure/projectavatar?size=xsmall&avatarId=10324\",\n        \"32x32\": \"https://jira8.connectall.com/secure/projectavatar?size=medium&avatarId=10324\"\n    },\n    \"projectTypeKey\": \"software\",\n    \"archived\": false\n}","statusCode":2,"contentAvailable":true},"Request":{"specId":153,"type":"Request","adapterType":null,"specType":"None","status":"Active","specification":"","samplePayload":"","statusCode":2,"contentAvailable":true}}},"CREATE_RECORD":{"templateId":74,"operation":"CREATE_RECORD","httpVerb":"POST","restUrl":"/rest/api/2/project","specifications":{"Response":{"specId":148,"type":"Response","adapterType":null,"specType":"JOLT","status":"Active","specification":"[\n  {\n    \"operation\": \"shift\",\n    \"spec\": {\n      \"id\": \"&\",\n      \"*\": \"fields.&\",\n      \"self\":\"fields._URL\"\n    }\n  }\n]\n","samplePayload":"{\n  \"self\": \"https://jira8.connectall.com/rest/api/2/project/11205\",\n  \"id\": 11205,\n  \"key\": \"SOF3\"\n}","statusCode":2,"contentAvailable":true},"Request":{"specId":147,"type":"Request","adapterType":null,"specType":"JOLT","status":"Active","specification":"[\n  {\n    \"operation\": \"shift\",\n    \"spec\": {\n      \"fields\": {\n        \"*\": \"&\"\n      }\n    }\n  },\n{  \"operation\":\"remove\",\n       \"spec\":{\n                      \"operation\":\"\"\n}}\n]\n","samplePayload":"{\n  \"fields\": {\n    \"key\": \"SOF1\",\n \"name\": \"Software Sample1\",\n \"projectTemplateKey\": \"com.pyxis.greenhopper.jira:gh-scrum-template\",\n \"description\": \"Example Project description\",\n \"lead\": \"admin\",\n \"assigneeType\": \"PROJECT_LEAD\",\n\"operation\":\"createproject\"\n  }\n}","statusCode":2,"contentAvailable":true}}},"QUERY_RECORD_BY_ID":{"templateId":75,"operation":"QUERY_RECORD_BY_ID","httpVerb":"GET","restUrl":"/rest/api/2/project/${recordId}","specifications":{"Response":{"specId":150,"type":"Response","adapterType":null,"specType":"JOLT","status":"Active","specification":"[\n  {\n    \"operation\": \"shift\",\n    \"spec\": {\n      \"id\": \"&\",\n      \"*\": \"fields.&\",\n      \"self\":\"fields._URL\"\n\n    }\n  }\n]\n","samplePayload":"{\n    \"expand\": \"description,lead,url,projectKeys\",\n    \"self\": \"https://jira8.connectall.com/rest/api/2/project/11201\",\n    \"id\": \"11201\",\n    \"key\": \"SOF\",\n    \"description\": \"Example Project description\",\n    \"lead\": {\n        \"self\": \"https://jira8.connectall.com/rest/api/2/user?username=admin\",\n        \"key\": \"admin\",\n        \"name\": \"admin\",\n        \"avatarUrls\": {\n            \"48x48\": \"https://jira8.connectall.com/secure/useravatar?avatarId=10341\",\n            \"24x24\": \"https://jira8.connectall.com/secure/useravatar?size=small&avatarId=10341\",\n            \"16x16\": \"https://jira8.connectall.com/secure/useravatar?size=xsmall&avatarId=10341\",\n            \"32x32\": \"https://jira8.connectall.com/secure/useravatar?size=medium&avatarId=10341\"\n        },\n        \"displayName\": \"Admin\",\n        \"active\": true\n    },\n    \"components\": [],\n    \"issueTypes\": [\n        {\n            \"self\": \"https://jira8.connectall.com/rest/api/2/issuetype/10002\",\n            \"id\": \"10002\",\n            \"description\": \"A task that needs to be done.\",\n            \"iconUrl\": \"https://jira8.connectall.com/secure/viewavatar?size=xsmall&avatarId=10318&avatarType=issuetype\",\n            \"name\": \"Task\",\n            \"subtask\": false,\n            \"avatarId\": 10318\n        },\n        {\n            \"self\": \"https://jira8.connectall.com/rest/api/2/issuetype/10003\",\n            \"id\": \"10003\",\n            \"description\": \"The sub-task of the issue\",\n            \"iconUrl\": \"https://jira8.connectall.com/secure/viewavatar?size=xsmall&avatarId=10316&avatarType=issuetype\",\n            \"name\": \"Sub-task\",\n            \"subtask\": true,\n            \"avatarId\": 10316\n        },\n        {\n            \"self\": \"https://jira8.connectall.com/rest/api/2/issuetype/10001\",\n            \"id\": \"10001\",\n            \"description\": \"Created by Jira Software - do not edit or delete. Issue type for a user story.\",\n            \"iconUrl\": \"https://jira8.connectall.com/images/icons/issuetypes/story.svg\",\n            \"name\": \"Story\",\n            \"subtask\": false\n        },\n        {\n            \"self\": \"https://jira8.connectall.com/rest/api/2/issuetype/10100\",\n            \"id\": \"10100\",\n            \"description\": \"A problem which impairs or prevents the functions of the product.\",\n            \"iconUrl\": \"https://jira8.connectall.com/secure/viewavatar?size=xsmall&avatarId=10303&avatarType=issuetype\",\n            \"name\": \"Bug\",\n            \"subtask\": false,\n            \"avatarId\": 10303\n        },\n        {\n            \"self\": \"https://jira8.connectall.com/rest/api/2/issuetype/10000\",\n            \"id\": \"10000\",\n            \"description\": \"Created by Jira Software - do not edit or delete. Issue type for a big user story that needs to be broken down.\",\n            \"iconUrl\": \"https://jira8.connectall.com/images/icons/issuetypes/epic.svg\",\n            \"name\": \"Epic\",\n            \"subtask\": false\n        }\n    ],\n    \"assigneeType\": \"PROJECT_LEAD\",\n    \"versions\": [],\n    \"name\": \"Software Sample\",\n    \"roles\": {\n        \"Administrators\": \"https://jira8.connectall.com/rest/api/2/project/11201/role/10002\"\n    },\n    \"avatarUrls\": {\n        \"48x48\": \"https://jira8.connectall.com/secure/projectavatar?avatarId=10324\",\n        \"24x24\": \"https://jira8.connectall.com/secure/projectavatar?size=small&avatarId=10324\",\n        \"16x16\": \"https://jira8.connectall.com/secure/projectavatar?size=xsmall&avatarId=10324\",\n        \"32x32\": \"https://jira8.connectall.com/secure/projectavatar?size=medium&avatarId=10324\"\n    },\n    \"projectTypeKey\": \"software\",\n    \"archived\": false\n}","statusCode":2,"contentAvailable":true},"Request":{"specId":149,"type":"Request","adapterType":null,"specType":null,"status":"Active","specification":null,"samplePayload":null,"statusCode":2,"contentAvailable":false}}},"UPDATE_RECORD":{"templateId":76,"operation":"UPDATE_RECORD","httpVerb":"POST","restUrl":"/rest/api/2/project/${recordId}","specifications":{"Response":{"specId":152,"type":"Response","adapterType":null,"specType":null,"status":"Active","specification":null,"samplePayload":null,"statusCode":2,"contentAvailable":false},"Request":{"specId":151,"type":"Request","adapterType":null,"specType":"None","status":"Active","specification":"[]","samplePayload":"{\n    \"expand\": \"description,lead,url,projectKeys\",\n    \"self\": \"https://jira8.connectall.com/rest/api/2/project/11201\",\n    \"id\": \"11201\",\n    \"key\": \"SOF\",\n    \"description\": \"Example Project description\",\n    \"lead\": {\n        \"self\": \"https://jira8.connectall.com/rest/api/2/user?username=admin\",\n        \"key\": \"admin\",\n        \"name\": \"admin\",\n        \"avatarUrls\": {\n            \"48x48\": \"https://jira8.connectall.com/secure/useravatar?avatarId=10341\",\n            \"24x24\": \"https://jira8.connectall.com/secure/useravatar?size=small&avatarId=10341\",\n            \"16x16\": \"https://jira8.connectall.com/secure/useravatar?size=xsmall&avatarId=10341\",\n            \"32x32\": \"https://jira8.connectall.com/secure/useravatar?size=medium&avatarId=10341\"\n        },\n        \"displayName\": \"Admin\",\n        \"active\": true\n    },\n    \"components\": [],\n    \"issueTypes\": [\n        {\n            \"self\": \"https://jira8.connectall.com/rest/api/2/issuetype/10002\",\n            \"id\": \"10002\",\n            \"description\": \"A task that needs to be done.\",\n            \"iconUrl\": \"https://jira8.connectall.com/secure/viewavatar?size=xsmall&avatarId=10318&avatarType=issuetype\",\n            \"name\": \"Task\",\n            \"subtask\": false,\n            \"avatarId\": 10318\n        },\n        {\n            \"self\": \"https://jira8.connectall.com/rest/api/2/issuetype/10003\",\n            \"id\": \"10003\",\n            \"description\": \"The sub-task of the issue\",\n            \"iconUrl\": \"https://jira8.connectall.com/secure/viewavatar?size=xsmall&avatarId=10316&avatarType=issuetype\",\n            \"name\": \"Sub-task\",\n            \"subtask\": true,\n            \"avatarId\": 10316\n        },\n        {\n            \"self\": \"https://jira8.connectall.com/rest/api/2/issuetype/10001\",\n            \"id\": \"10001\",\n            \"description\": \"Created by Jira Software - do not edit or delete. Issue type for a user story.\",\n            \"iconUrl\": \"https://jira8.connectall.com/images/icons/issuetypes/story.svg\",\n            \"name\": \"Story\",\n            \"subtask\": false\n        },\n        {\n            \"self\": \"https://jira8.connectall.com/rest/api/2/issuetype/10100\",\n            \"id\": \"10100\",\n            \"description\": \"A problem which impairs or prevents the functions of the product.\",\n            \"iconUrl\": \"https://jira8.connectall.com/secure/viewavatar?size=xsmall&avatarId=10303&avatarType=issuetype\",\n            \"name\": \"Bug\",\n            \"subtask\": false,\n            \"avatarId\": 10303\n        },\n        {\n            \"self\": \"https://jira8.connectall.com/rest/api/2/issuetype/10000\",\n            \"id\": \"10000\",\n            \"description\": \"Created by Jira Software - do not edit or delete. Issue type for a big user story that needs to be broken down.\",\n            \"iconUrl\": \"https://jira8.connectall.com/images/icons/issuetypes/epic.svg\",\n            \"name\": \"Epic\",\n            \"subtask\": false\n        }\n    ],\n    \"assigneeType\": \"PROJECT_LEAD\",\n    \"versions\": [],\n    \"name\": \"Software Sample\",\n    \"roles\": {\n        \"Administrators\": \"https://jira8.connectall.com/rest/api/2/project/11201/role/10002\"\n    },\n    \"avatarUrls\": {\n        \"48x48\": \"https://jira8.connectall.com/secure/projectavatar?avatarId=10324\",\n        \"24x24\": \"https://jira8.connectall.com/secure/projectavatar?size=small&avatarId=10324\",\n        \"16x16\": \"https://jira8.connectall.com/secure/projectavatar?size=xsmall&avatarId=10324\",\n        \"32x32\": \"https://jira8.connectall.com/secure/projectavatar?size=medium&avatarId=10324\"\n    },\n    \"projectTypeKey\": \"software\",\n    \"archived\": false\n}","statusCode":2,"contentAvailable":true}}}},"default":true}]