{"version":null,"displayName":"JiraAction","type":"jiraproject","logo":"Screen Shot 2021-03-11 at 11.24.10 AM.png","logoSmall":"Screen Shot 2021-03-11 at 11.24.10 AM.png","metadata":[{"name":"operation","dependent":false,"dependentMetadata":null,"values":[{"id":"createproject","name":"Create Project","attributeName":null,"referenceType":null,"dependents":null,"regex":false}]}],"fields":[{"id":"issueType","name":"issueType","datatype":"String","values":null},{"id":"projectTemplateKey","name":"Project Template","datatype":"Select","values":[{"id":"Kanban","name":"com.pyxis.greenhopper.jira:gh-kanban-template","attributeName":null,"referenceType":null,"dependents":null,"regex":false},{"id":"Scrum","name":"com.pyxis.greenhopper.jira:gh-scrum-template","attributeName":null,"referenceType":null,"dependents":null,"regex":false},{"id":"Software","name":"com.pyxis.greenhopper.jira:basic-software-development-template","attributeName":null,"referenceType":null,"dependents":null,"regex":false},{"id":"Project Management","name":"com.atlassian.jira-core-project-templates:jira-core-project-management","attributeName":null,"referenceType":null,"dependents":null,"regex":false},{"id":"Task Management","name":"com.atlassian.jira-core-project-templates:jira-core-task-management","attributeName":null,"referenceType":null,"dependents":null,"regex":false},{"id":"Process Management","name":"com.atlassian.jira-core-project-templates:jira-core-process-management","attributeName":null,"referenceType":null,"dependents":null,"regex":false}]},{"id":"name","name":"Project Name","datatype":"String","values":null},{"id":"modifiedDate","name":"modifiedDate","datatype":"Datetime","values":null},{"id":"description","name":"Description","datatype":"String","values":null},{"id":"assigneeType","name":"Assignee Type","datatype":"Select","values":[{"id":"PROJECT_LEAD","name":"Project Lead","attributeName":null,"referenceType":null,"dependents":null,"regex":false}]},{"id":"id","name":"id","datatype":"String","values":null},{"id":"_URL","name":"URL","datatype":"Url","values":null},{"id":"key","name":"Project Key","datatype":"String","values":null},{"id":"lead","name":"Project Lead","datatype":"String","values":null}],"loginOptions":[],"idFieldName":"id","titleFieldName":"name","projectFieldName":"","artifactFieldName":"operation","testStepsFieldName":null,"changedDateFieldName":"modifiedDate","dateFormat":"dd-MM-yyyy","dateTimeFormat":"dd-MM-yyyy HH:mm:ss.SSS","queryDateFormat":"dd-MM-yyyy HH:mm:ss.SSS","iso8601DateFormat":false,"commentFieldName":null,"commentFieldId":null,"attachmentFieldName":null,"attachmentFieldId":null,"apiVersion":null,"callBackUrlConfigured":false,"callBackUrls":null,"apiProvider":"ExternalApplication","applicationType":null,"urlDescription":"","userNameDescription":"","passwordDescription":"","paginationSupported":false,"paginationAttributes":null,"status":"Active","active":true,"syncModel":"ReadWrite"}